<?xml version='1.0' encoding='UTF-8'?>
<system creation-date="2023-04-21 19:38:44.510000" desc="" enable="False" id="06245EEA-10C2-4549-9672-BC0D141DCA4A" last-modified-date="" name="Controller1"><applications><application name="RobotWare" version="6.15.2027"><settings><system-xml path="C:\Users\sesha\OneDrive\Documents\RobotStudio\Projects\Material_Handling_Number_64\Virtual Controllers\Controller1\system.xml" /><key-id path="C:\Users\sesha\OneDrive\Documents\RobotStudio\Projects\Material_Handling_Number_64\Virtual Controllers\Controller1\INTERNAL\key.id" /><setting-file path="C:\Users\sesha\OneDrive\Documents\RobotStudio\Projects\Material_Handling_Number_64\Virtual Controllers\Controller1\INTERNAL\controller.rsf" /></settings></application></applications></system>